BEGIN;
CREATE TABLE IF NOT EXISTS `migrations` (`id` integer primary key auto_increment not null, `migration` varchar(255) not null, `batch` integer not null);
INSERT INTO migrations VALUES(1,'0001_01_01_000000_create_users_table',1);
INSERT INTO migrations VALUES(2,'0001_01_01_000001_create_cache_table',1);
INSERT INTO migrations VALUES(3,'0001_01_01_000002_create_jobs_table',1);
INSERT INTO migrations VALUES(4,'2025_07_04_080229_create_queues_table',1);
INSERT INTO migrations VALUES(5,'2025_07_08_070715_create_visitors_table',1);
INSERT INTO migrations VALUES(6,'2025_09_04_031354_create_offices_table',1);
CREATE TABLE IF NOT EXISTS `users` (`id` integer primary key auto_increment not null, `name` varchar(255) not null, `email` varchar(255) not null, `email_verified_at` datetime, `password` varchar(255) not null, `role` varchar(255) not null default 'staff', `office_id` integer, `remember_token` varchar(255), `created_at` datetime, `updated_at` datetime, foreign key(`office_id`) references `offices`(`id`) on delete cascade);
INSERT INTO users VALUES(1,'admin','queue_admin@lorma.edu',NULL,'$2y$12$5hK7LA2w4/QAAR/WJAIug.LAFqh866faViGZIAH.2.uTL3./3gusm','admin',NULL,NULL,'2026-02-02 14:13:45','2026-02-02 14:15:35');
INSERT INTO users VALUES(2,'Mumei','mumei@lorma.edu',NULL,'$2y$12$ady2iIkFXBOOoZ/OQM9oOO7PzxnPg6ZxiA6jD8/.Y8/XVKU4A0f6O','staff',1,NULL,'2026-02-02 14:16:41','2026-02-02 14:16:41');
INSERT INTO users VALUES(3,'Nanashi','nanashi@lorma.edu',NULL,'$2y$12$syb2wkqKpQOgAR6J51I6Qef2C/FB4klBjG3YNjw6WQ1hRNuUKuyEO','staff',1,NULL,'2026-02-11 09:45:43','2026-02-11 09:45:43');
INSERT INTO users VALUES(4,'Aqua','aqua@lorma.edu',NULL,'$2y$12$U0q3PWRlK9zbtPAY7nJdLOJD8jpgDIeP0tNx3WGi6QmjTBZQRo/Cm','staff',1,NULL,'2026-02-25 09:22:28','2026-02-25 09:22:28');
INSERT INTO users VALUES(5,'Rina','rina@lorma.edu',NULL,'$2y$12$luffgAFGEECX3S.kXOUG9Oj59i6yHkLXSx8aWHNen.DXzd.3tyBD.','staff',4,NULL,'2026-02-25 09:22:40','2026-02-25 09:23:06');
CREATE TABLE IF NOT EXISTS `password_reset_tokens` (`email` varchar(255) not null, `token` varchar(255) not null, `created_at` datetime, primary key (`email`));
CREATE TABLE IF NOT EXISTS `sessions` (`id` varchar(255) not null, `user_id` integer, `ip_address` varchar(255), `user_agent` text, `payload` text not null, `last_activity` integer not null, primary key (`id`));
INSERT INTO sessions VALUES('SFGUVpvy0ssFZV7meLGSadkXoqfJXri6NBoeIgDO',NULL,'127.0.0.1','Mozilla/5.0 (Macintosh; Intel Mac OS X 10.15; rv:145.0) Gecko/20100101 Firefox/145.0','YTozOntzOjY6Il90b2tlbiI7czo0MDoiclJ4Tm9HaU9TR0paMHBQVDVaTWVIdnFQS21vUVF5THJGQkV5ZlVoNCI7czo5OiJfcHJldmlvdXMiO2E6MTp7czozOiJ1cmwiO3M6Mjc6Imh0dHA6Ly8xMjcuMC4wLjE6ODAwMC9sb2dpbiI7fXM6NjoiX2ZsYXNoIjthOjI6e3M6Mzoib2xkIjthOjA6e31zOjM6Im5ldyI7YTowOnt9fX0=',1776236871);
INSERT INTO sessions VALUES('fzX1oaFjdu0ci7lDasbhvc6Yh4WanKSEDKZIZFNN',NULL,'127.0.0.1','Mozilla/5.0 (Macintosh; Intel Mac OS X 10.15; rv:145.0) Gecko/20100101 Firefox/145.0','YTozOntzOjY6Il90b2tlbiI7czo0MDoiSHlrcGVJNzJJOFhGN01XRG9XbmdhTEVYOU50dFM1WkpUaWtqdzA5ZyI7czo5OiJfcHJldmlvdXMiO2E6MTp7czozOiJ1cmwiO3M6MzY6Imh0dHA6Ly8xMjcuMC4wLjE6ODAwMC9yZWdpc3Rlci1xdWV1ZSI7fXM6NjoiX2ZsYXNoIjthOjI6e3M6Mzoib2xkIjthOjA6e31zOjM6Im5ldyI7YTowOnt9fX0=',1776235892);
INSERT INTO sessions VALUES('tk1pGmQj8zIUVA2lzdk1euj77FjCmP0RILStIUSI',NULL,'127.0.0.1','Mozilla/5.0 (Macintosh; Intel Mac OS X 10.15; rv:145.0) Gecko/20100101 Firefox/145.0','YTozOntzOjY6Il90b2tlbiI7czo0MDoiQ1RjeU1aRmdXZHBrM2twNnVYOVRHWU1zV3J3SjJ6ZkVqOW9RT0JhNiI7czo5OiJfcHJldmlvdXMiO2E6MTp7czozOiJ1cmwiO3M6MzE6Imh0dHA6Ly8xMjcuMC4wLjE6ODAwMC9tb25pdG9yLzEiO31zOjY6Il9mbGFzaCI7YToyOntzOjM6Im9sZCI7YTowOnt9czozOiJuZXciO2E6MDp7fX19',1776235893);
INSERT INTO sessions VALUES('h4JJoQlsbYlwJ0BPz3U3gUdZ2YPkIGT6BhdAztgE',1,'127.0.0.1','Mozilla/5.0 (Macintosh; Intel Mac OS X 10.15; rv:145.0) Gecko/20100101 Firefox/145.0','YTo1OntzOjY6Il90b2tlbiI7czo0MDoiS1ZDbWJ0NkNTbWo4NHlib2hPZEpyT3dzODA2dHFCQnZ0amgySDRsWSI7czozOiJ1cmwiO2E6MDp7fXM6OToiX3ByZXZpb3VzIjthOjE6e3M6MzoidXJsIjtzOjQyOiJodHRwOi8vMTI3LjAuMC4xOjgwMDAvYWRtaW4vb2ZmaWNlcy9jcmVhdGUiO31zOjY6Il9mbGFzaCI7YToyOntzOjM6Im9sZCI7YTowOnt9czozOiJuZXciO2E6MDp7fX1zOjUwOiJsb2dpbl93ZWJfNTliYTM2YWRkYzJiMmY5NDAxNTgwZjAxNGM3ZjU4ZWE0ZTMwOTg5ZCI7aToxO30=',1776241329);
INSERT INTO sessions VALUES('lesRDC6eOzfcxFtKvZRBsXv76pqxFbsFua1ekmoO',NULL,'127.0.0.1','Mozilla/5.0 (Macintosh; Intel Mac OS X 10.15; rv:145.0) Gecko/20100101 Firefox/145.0','YTozOntzOjY6Il90b2tlbiI7czo0MDoibXQxRUxKSk9pSDIySXFhSG1kZmpLRGQ4d2RJbFVmY0phdmZ4YWtsYiI7czo2OiJfZmxhc2giO2E6Mjp7czozOiJvbGQiO2E6MDp7fXM6MzoibmV3IjthOjA6e319czo5OiJfcHJldmlvdXMiO2E6MTp7czozOiJ1cmwiO3M6Mjc6Imh0dHA6Ly8xMjcuMC4wLjE6ODAwMC9sb2dpbiI7fX0=',1776752270);
INSERT INTO sessions VALUES('O3nUQrdC5C9J6bu2dK0MziT88yFqxlmWXeBgPhph',NULL,'127.0.0.1','Mozilla/5.0 (Macintosh; Intel Mac OS X 10.15; rv:145.0) Gecko/20100101 Firefox/145.0','YTozOntzOjY6Il90b2tlbiI7czo0MDoiaThsTHEwYWFWRHhtYlUyM1VPWVEyTmpsVlMwTjN2Tk9WaTVUOWJMbSI7czo2OiJfZmxhc2giO2E6Mjp7czozOiJvbGQiO2E6MDp7fXM6MzoibmV3IjthOjA6e319czo5OiJfcHJldmlvdXMiO2E6MTp7czozOiJ1cmwiO3M6Mjc6Imh0dHA6Ly8xMjcuMC4wLjE6ODAwMC9sb2dpbiI7fX0=',1776757839);
INSERT INTO sessions VALUES('ynInsxkJbE9MPmXOpO9kXosABBtAinMH8MOrIsiB',NULL,'127.0.0.1','Mozilla/5.0 (Macintosh; Intel Mac OS X 10.15; rv:145.0) Gecko/20100101 Firefox/145.0','YTozOntzOjY6Il90b2tlbiI7czo0MDoiYnV2dVg5RTJQQm5Za0NlTlRGWW1pTmVKckdPQjdVWUx3clpxbGxwYSI7czo5OiJfcHJldmlvdXMiO2E6MTp7czozOiJ1cmwiO3M6Mjc6Imh0dHA6Ly8xMjcuMC4wLjE6ODAwMC9sb2dpbiI7fXM6NjoiX2ZsYXNoIjthOjI6e3M6Mzoib2xkIjthOjA6e31zOjM6Im5ldyI7YTowOnt9fX0=',1776842368);
CREATE TABLE IF NOT EXISTS `cache` (`key` varchar(255) not null, `value` text not null, `expiration` integer not null, primary key (`key`));
INSERT INTO cache VALUES('laravel_cache_admin_queue@lorma.edu|127.0.0.1:timer','i:1772002739;',1772002739);
INSERT INTO cache VALUES('laravel_cache_admin_queue@lorma.edu|127.0.0.1','i:1;',1772002739);
CREATE TABLE IF NOT EXISTS `cache_locks` (`key` varchar(255) not null, `owner` varchar(255) not null, `expiration` integer not null, primary key (`key`));
CREATE TABLE IF NOT EXISTS `jobs` (`id` integer primary key auto_increment not null, `queue` varchar(255) not null, `payload` text not null, `attempts` integer not null, `reserved_at` integer, `available_at` integer not null, `created_at` integer not null);
CREATE TABLE IF NOT EXISTS `job_batches` (`id` varchar(255) not null, `name` varchar(255) not null, `total_jobs` integer not null, `pending_jobs` integer not null, `failed_jobs` integer not null, `failed_job_ids` text not null, `options` text, `cancelled_at` integer, `created_at` integer not null, `finished_at` integer, primary key (`id`));
CREATE TABLE IF NOT EXISTS `failed_jobs` (`id` integer primary key auto_increment not null, `uuid` varchar(255) not null, `connection` text not null, `queue` text not null, `payload` text not null, `exception` text not null, `failed_at` datetime not null default CURRENT_TIMESTAMP);
CREATE TABLE IF NOT EXISTS `queues` (`id` integer primary key auto_increment not null, `user_id` integer, `name` varchar(255) not null, `number` integer not null, `status` varchar(255) check (`status` in ('waiting', 'serving', 'done', 'skipped')) not null default 'waiting', `created_at` datetime, `updated_at` datetime);
CREATE TABLE IF NOT EXISTS `visitors` (`id` integer primary key auto_increment not null, `name` varchar(255) not null, `contact_number` varchar(255) not null, `id_number` varchar(255), `office_id` integer not null, `previous_office_id` integer, `queue_number` integer not null, `ticket_number` integer not null, `type` varchar(255) check (`type` in ('student', 'visitor')), `cashier_id` integer, `priority` tinyint(1) not null default '0', `status` varchar(255) check (`status` in ('waiting', 'serving', 'done', 'skipped', 'transferred')) not null default 'waiting', `created_at` datetime, `updated_at` datetime, foreign key(`office_id`) references `offices`(`id`) on delete cascade, foreign key(`previous_office_id`) references `offices`(`id`) on delete set null, foreign key(`cashier_id`) references `users`(`id`) on delete set null);
INSERT INTO visitors VALUES(1,'Andrei Abaya','09673384678','Visitor01',1,NULL,1,'BO-001',NULL,2,0,'done','2026-02-02 14:17:22','2026-02-02 14:20:32');
INSERT INTO visitors VALUES(2,'Andrei Abaya','09673384678','Visitor01',1,NULL,3,'BO-001',NULL,2,0,'done','2026-02-04 13:44:24','2026-02-04 13:58:09');
INSERT INTO visitors VALUES(3,'Ren','Dumaguin','Visitor02',1,NULL,2,'BO-002',NULL,2,0,'done','2026-02-04 13:44:34','2026-02-04 13:58:13');
INSERT INTO visitors VALUES(4,'Zenny','Pluma','Visitor03',1,NULL,4,'BO-004',NULL,2,0,'done','2026-02-04 13:45:36','2026-02-04 13:58:11');
INSERT INTO visitors VALUES(5,'Pia','Manansala','2800123',1,NULL,5,'BO-005',NULL,2,0,'done','2026-02-04 13:57:59','2026-02-04 13:58:15');
INSERT INTO visitors VALUES(6,'Rennie','Dismaya','4800866',1,NULL,1,'BO-001',NULL,2,0,'done','2026-02-06 13:36:59','2026-02-06 13:37:20');
INSERT INTO visitors VALUES(7,'Shiena','Corona','Visitor01',4,NULL,1,'RO-001',NULL,1,0,'done','2026-02-06 15:49:01','2026-02-06 15:49:11');
INSERT INTO visitors VALUES(8,'Andrei Abaya','09673384678','Visitor01',1,NULL,1,'BO-001',NULL,2,0,'skipped','2026-02-09 09:29:09','2026-02-09 09:30:11');
INSERT INTO visitors VALUES(9,'Pia Hanabi','09823499132','Visitor01',1,NULL,1,'BO-001',NULL,3,0,'skipped','2026-02-11 09:46:31','2026-02-11 09:46:58');
INSERT INTO visitors VALUES(10,'Miggy Mindanao','09072359182','Visitor01',1,NULL,1,'BO-001',NULL,2,0,'transferred','2026-02-12 15:01:07','2026-02-12 15:01:19');
INSERT INTO visitors VALUES(11,'Miggy Mindanao','09072359182','Visitor01',4,1,1,'RO-001',NULL,1,0,'done','2026-02-12 15:01:19','2026-02-12 15:01:37');
INSERT INTO visitors VALUES(12,'Ilya Khazanova','09239073561','Visitor02',1,NULL,2,'BO-002',NULL,2,0,'transferred','2026-02-12 15:28:43','2026-02-12 15:28:55');
INSERT INTO visitors VALUES(13,'Ilya Khazanova','09239073561','Visitor02',3,1,1,'SAO-001',NULL,1,0,'done','2026-02-12 15:28:55','2026-02-12 15:29:16');
INSERT INTO visitors VALUES(14,'Pina','Onizuka','Visitor01',1,NULL,1,'BO-001',NULL,3,0,'transferred','2026-02-19 14:49:23','2026-02-19 14:49:35');
INSERT INTO visitors VALUES(15,'Pina','Onizuka','Visitor01',4,1,1,'RO-001',NULL,1,0,'transferred','2026-02-19 14:49:35','2026-02-19 14:49:46');
INSERT INTO visitors VALUES(16,'Pina','Onizuka','Visitor01',3,4,1,'SAO-001',NULL,1,0,'done','2026-02-19 14:49:46','2026-02-19 14:49:51');
INSERT INTO visitors VALUES(17,'Nikola Teska','09782328198','Visitor01',1,NULL,1,'BO-001',NULL,1,0,'done','2026-02-25 09:01:11','2026-02-25 09:01:23');
INSERT INTO visitors VALUES(18,'Sheena Kysha','09771231290','4800123',1,NULL,2,'BO-002',NULL,2,0,'done','2026-02-25 09:03:15','2026-02-25 09:03:23');
CREATE TABLE IF NOT EXISTS `offices` (`id` integer primary key auto_increment not null, `name` varchar(255) not null, `abbreviation` varchar(255) not null, `priority_counter` integer not null default '0', `created_at` datetime, `updated_at` datetime);
INSERT INTO offices VALUES(1,'Busines Office','BO',8,'2026-02-02 14:16:03','2026-02-25 09:03:23');
INSERT INTO offices VALUES(2,'Library','LB',0,'2026-02-02 14:16:08','2026-02-02 14:16:08');
INSERT INTO offices VALUES(3,'Student Affairs Office','SAO',2,'2026-02-02 14:16:17','2026-02-19 14:49:51');
INSERT INTO offices VALUES(4,'Registrars Office','RO',2,'2026-02-02 14:16:27','2026-02-12 15:01:37');
DELETE FROM sqlite_sequence;
INSERT INTO sqlite_sequence VALUES('migrations',6);
INSERT INTO sqlite_sequence VALUES('users',5);
INSERT INTO sqlite_sequence VALUES('offices',4);
INSERT INTO sqlite_sequence VALUES('visitors',18);
CREATE UNIQUE INDEX `users_email_unique` on `users` (`email`);
CREATE INDEX `sessions_user_id_index` on `sessions` (`user_id`);
CREATE INDEX `sessions_last_activity_index` on `sessions` (`last_activity`);
CREATE INDEX `jobs_queue_index` on `jobs` (`queue`);
CREATE UNIQUE INDEX `failed_jobs_uuid_unique` on `failed_jobs` (`uuid`);
CREATE UNIQUE INDEX `queues_number_unique` on `queues` (`number`);
CREATE UNIQUE INDEX `offices_name_unique` on `offices` (`name`);
CREATE UNIQUE INDEX `offices_abbreviation_unique` on `offices` (`abbreviation`);
COMMIT;
